algorithm,tiles,n,m,num_runs,successful_runs,obj_mean,obj_min,obj_max,obj_std,runtime_mean,runtime_min,runtime_max,runtime_std,crossovers_mean,completion_rate_mean,tiles_completed_mean,cplex_optimal,cplex_feasible,cplex_infeasible,cplex_timeout,cplex_failed
greedy,6,3,3,30,30,7.333333333333333,6,8,0.5374838498865699,0.0006645478,0.000532111,0.000791889,7.263475689750741e-05,,,,,,,,
stochastic_greedy,6,3,3,30,30,7.466666666666667,6,8,0.5617433182117573,0.0006966151000000001,0.000527733,0.000944862,0.0001014472325758076,,,,,,,,
genetic_greedy,6,3,3,30,30,7.0,6,8,0.3651483716701107,0.16451884686666668,0.067381184,0.647228763,0.1233536451020204,12590.333333333334,0.05561663491178057,1299.2,,,,,
genetic_stochastic,6,3,3,30,30,6.766666666666667,6,7,0.4229525846816507,0.22535352893333332,0.07826708,0.760763535,0.14541569491311918,12593.233333333334,0.12190313129618006,2814.0666666666666,,,,,
cplex,6,3,3,10,10,6.6,6,7,0.4898979485566356,1.1943461594,0.27409071,2.547103724,0.7764020304588934,,,,10,0,0,0,0
merge_greedy,6,3,3,10,10,7.7,6,9,0.9,0.006566904399999999,0.003877776,0.010643255,0.0021774032121171863,,,,,,,,
beam_search,6,3,3,10,10,7.0,6,8,0.4472135954999579,0.0199157172,0.013331478,0.028794814,0.004440800663768501,,,,,,,,
greedy,8,3,3,30,30,8.233333333333333,7,9,0.5587684871413403,0.0008485291,0.000626471,0.001187047,0.00012615408740408165,,,,,,,,
stochastic_greedy,8,3,3,30,30,8.4,7,9,0.5537749241945383,0.0008737407,0.000619742,0.003394395,0.00048212148730765296,,,,,,,,
genetic_greedy,8,3,3,30,30,7.766666666666667,7,8,0.4229525846816507,0.30427832573333335,0.098162456,0.968817793,0.18711684767458006,12605.366666666667,0.1054770454539699,3033.366666666667,,,,,
genetic_stochastic,8,3,3,30,30,7.366666666666666,7,8,0.4818944098266987,0.2851297461333333,0.082566712,0.771813792,0.17812725453660633,12604.866666666667,0.11909021417535819,3707.133333333333,,,,,
cplex,8,3,3,10,10,7.3,7,8,0.45825756949558405,18.7366012955,2.762432587,63.791393905,22.28700617717821,,,,10,0,0,0,0
merge_greedy,8,3,3,10,10,8.6,7,10,0.9165151389911681,0.013075763299999998,0.008715264,0.01750947,0.003376207862298263,,,,,,,,
beam_search,8,3,3,10,10,7.8,7,8,0.39999999999999997,0.0428421643,0.03938224,0.05226133,0.0034482267305569127,,,,,,,,
greedy,10,3,3,30,30,8.966666666666667,8,10,0.40688518719112343,0.0011074466,0.000755377,0.001517993,0.00016082463506100883,,,,,,,,
stochastic_greedy,10,3,3,30,30,9.133333333333333,8,10,0.42687494916218993,0.0008938151666666667,0.000683938,0.001007069,7.080022717952408e-05,,,,,,,,
genetic_greedy,10,3,3,30,30,8.166666666666666,8,9,0.37267799624996495,0.23686651966666666,0.071777618,0.635812272,0.13814069308402088,12616.233333333334,0.05818428708609236,2252.4,,,,,
genetic_stochastic,10,3,3,30,30,8.033333333333333,8,9,0.17950549357115014,0.3795918628666667,0.132819472,1.49645857,0.30171134711559555,12615.9,0.09962911378819043,4556.733333333334,,,,,
cplex,10,3,3,10,10,8.0,8,8,0.0,127.7399391375,98.031845904,172.748207092,24.568840743392318,,,,10,0,0,0,0
merge_greedy,10,3,3,10,10,9.2,9,10,0.4,0.0196868266,0.015892975,0.024877313,0.00241053242844029,,,,,,,,
beam_search,10,3,3,10,10,8.4,8,9,0.4898979485566356,0.078258063,0.073303447,0.086126541,0.003302221714617086,,,,,,,,
greedy,6,5,5,10,10,14.9,13,16,1.044030650891055,0.0011405574,0.000975699,0.00126821,8.812714395599122e-05,,,,,,,,
stochastic_greedy,6,5,5,10,10,14.8,14,16,0.6,0.0013271208,0.001219167,0.001478112,8.074834283847563e-05,,,,,,,,
genetic_greedy,6,5,5,10,10,13.5,13,14,0.5,0.4756545164,0.21573269,0.986920902,0.26654666943386324,12609.8,0.029754159608725,666.1,,,,,
genetic_stochastic,6,5,5,10,10,13.1,13,14,0.3,1.3762206665,0.369356537,5.18906048,1.4765395871753755,12606.7,0.07459326246238787,2362.7,,,,,
merge_greedy,6,5,5,10,10,15.3,13,17,1.2688577540449522,0.0299056188,0.022276101,0.048546102,0.007487766814931202,,,,,,,,
cplex,6,5,5,10,10,13.0,13,13,0.0,292.9297811376,222.293827096,301.203206948,23.545808741926855,,,,1,9,0,0,0
beam_search,6,5,5,10,10,13.8,13,14,0.4,0.0742008604,0.068438246,0.081257687,0.00477411354488609,,,,,,,,
greedy,6,10,10,10,10,31.8,30,33,1.2489995996796797,0.008872444699999999,0.007480466,0.011774316,0.001472723803700412,,,,,,,,
stochastic_greedy,6,10,10,10,10,31.1,30,33,1.2206555615733703,0.0094543504,0.00712024,0.015342963,0.0021744254465875437,,,,,,,,
genetic_greedy,6,10,10,10,10,29.6,29,31,0.66332495807108,5.3110863504,0.853808735,11.227353199,2.9337156985646855,12607.1,0.024192726914659086,444.8,,,,,
genetic_stochastic,6,10,10,10,10,28.9,28,29,0.3,14.1900469496,4.528120193,24.34900987,6.414878226371742,12597.1,0.10451134806093783,2101.2,,,,,
merge_greedy,6,10,10,10,10,33.0,30,35,1.7320508075688772,0.6811176068,0.527794633,0.854989929,0.07657472222181375,,,,,,,,
greedy,8,5,5,10,10,16.3,15,17,0.6403124237432849,0.0014965206,0.001303359,0.001619279,9.307016343189687e-05,,,,,,,,
stochastic_greedy,8,5,5,10,10,16.6,15,17,0.66332495807108,0.0021731768,0.001609752,0.004686792,0.0008754797541070612,,,,,,,,
genetic_greedy,8,5,5,10,10,15.1,15,16,0.3,1.5608842504,0.409613052,8.554555303,2.358074830774704,12594.1,0.038245816672183394,1819.0,,,,,
genetic_stochastic,8,5,5,10,10,15.0,15,15,0.0,2.7927133111,1.125212584,7.122844252,1.7901421493011271,12597.8,0.11087220155470687,4297.2,,,,,
merge_greedy,8,5,5,10,10,17.4,16,20,1.2806248474865698,0.0882107953,0.069887862,0.12315026,0.01453022409145629,,,,,,,,
cplex,8,5,5,10,10,14.7,14,15,0.45825756949558405,302.3124035815,301.266990038,306.649495501,1.80199198922315,,,,0,10,0,0,0
beam_search,8,5,5,10,10,15.2,15,16,0.4,0.179843866,0.17483832,0.185867954,0.002900028235907405,,,,,,,,
greedy,8,10,10,10,10,34.3,33,37,1.268857754044952,0.0164232128,0.012350516,0.038284038,0.0073737322578108135,,,,,,,,
stochastic_greedy,8,10,10,10,10,34.1,32,37,1.5132745950421556,0.0163434965,0.01340402,0.021008883,0.0022180614095123805,,,,,,,,
genetic_greedy,8,10,10,10,10,31.7,30,33,0.9,24.421945549700002,11.48172983,48.509815657,12.004482511906994,12607.0,0.03382208222931453,1187.3,,,,,
genetic_stochastic,8,10,10,10,10,30.6,30,31,0.4898979485566356,40.4234685192,25.044877558,66.042499881,11.111463121235701,12627.3,0.04170592912779335,1903.9,,,,,
merge_greedy,8,10,10,10,10,42.4,31,45,3.9293765408777004,2.2674479757,1.751589312,2.422109515,0.18570635153719872,,,,,,,,
greedy,10,5,5,10,10,17.9,17,19,0.7,0.0022971063,0.001900039,0.004236021,0.0006557470228829179,,,,,,,,
stochastic_greedy,10,5,5,10,10,18.2,18,19,0.4,0.0032639332,0.00218898,0.009777534,0.0022107294758764036,,,,,,,,
genetic_greedy,10,5,5,10,10,16.7,16,17,0.45825756949558405,1.7860387662000001,0.604470458,2.901221956,0.6947266420710572,12598.4,0.032623796240172385,1539.9,,,,,
genetic_stochastic,10,5,5,10,10,16.5,16,17,0.5,6.6916685984,1.722437789,24.281681389,6.809863764522533,12618.3,0.12476086783889846,7076.5,,,,,
merge_greedy,10,5,5,10,10,19.5,16,25,2.9068883707497264,0.20154764279999998,0.154852334,0.258020373,0.024619337598601264,,,,,,,,
cplex,10,5,5,10,10,16.5,16,17,0.5,302.9488530338,302.619061982,303.152204778,0.16036351589453107,,,,0,10,0,0,0
beam_search,10,5,5,10,10,16.8,16,17,0.4,0.3911336244,0.369396212,0.404928448,0.010883786463805813,,,,,,,,
greedy,10,10,10,10,10,39.6,38,42,1.2,0.0243653989,0.02024779,0.028334109,0.002624267058441135,,,,,,,,
stochastic_greedy,10,10,10,10,10,39.5,39,40,0.5,0.0271896588,0.02068107,0.031286635,0.002904366227188741,,,,,,,,
genetic_greedy,10,10,10,10,10,37.1,36,38,0.5385164807134504,58.8761276096,30.009131633,140.192712573,32.18414533884203,12565.2,0.053487918324246396,2108.4,,,,,
genetic_stochastic,10,10,10,10,10,36.9,36,37,0.3,111.96849847389998,63.232085783,202.49448759,39.28663041803576,12596.0,0.06554502500751916,3567.9,,,,,
merge_greedy,10,10,10,10,10,51.5,39,55,5.004997502496879,5.9385369866,4.764910157,6.375356808,0.5741832568799822,,,,,,,,
cplex,6,2,4,10,10,6.4,6,7,0.4898979485566356,0.5531068147,0.178068231,0.93673771,0.27356595544927254,,,,10,0,0,0,0
merge_greedy,6,2,4,10,10,8.3,7,10,1.1,0.0045998645,0.003009104,0.006716543,0.0010504231976604715,,,,,,,,
greedy,6,2,4,10,10,6.9,6,7,0.3,0.0007495183,0.000612331,0.000941501,8.857413222160294e-05,,,,,,,,
stochastic_greedy,6,2,4,10,10,7.2,7,8,0.39999999999999997,0.0007460002,0.000598683,0.000947215,0.00012381812163152857,,,,,,,,
genetic_greedy,6,2,4,10,10,6.5,6,7,0.5,0.1307662551,0.062710016,0.290933702,0.07317116480160492,12605.2,0.10665221543109867,2160.0,,,,,
genetic_stochastic,6,2,4,10,10,6.4,6,7,0.4898979485566356,0.1259459216,0.069050917,0.189486461,0.041090466752305765,12592.2,0.10101487588910077,2210.3,,,,,
beam_search,6,2,4,10,10,6.4,6,7,0.4898979485566356,0.0146528501,0.013582826,0.016145961,0.0008108665541400079,,,,,,,,
cplex,6,4,6,10,10,12.0,12,12,0.0,21.692110685899998,17.97266767,32.683802775,4.128488767910091,,,,10,0,0,0,0
merge_greedy,6,4,6,10,10,15.8,12,21,2.993325909419153,0.035077748199999995,0.028397954,0.044896753,0.005073254821552822,,,,,,,,
greedy,6,4,6,10,10,14.4,14,15,0.4898979485566356,0.0015363307999999999,0.001256843,0.001795352,0.00015877460127098418,,,,,,,,
stochastic_greedy,6,4,6,10,10,14.1,13,15,0.7000000000000001,0.0014394575999999999,0.001173089,0.002205989,0.00029695524093277097,,,,,,,,
genetic_greedy,6,4,6,10,10,13.1,13,14,0.3,0.4001380116,0.210296217,0.762066799,0.16001461789943303,12617.3,0.01817278608186357,530.2,,,,,
genetic_stochastic,6,4,6,10,10,12.4,12,13,0.4898979485566356,0.5712218552,0.309290585,1.479790898,0.36243737103711754,12584.3,0.053568321374220504,1242.0,,,,,
beam_search,6,4,6,10,10,12.9,12,14,0.5385164807134504,0.06933477730000001,0.065662175,0.072764388,0.002137258956551266,,,,,,,,
cplex,8,2,4,10,10,7.0,7,7,0.0,3.2702301128999998,1.586907711,6.646313396,1.7802079403147273,,,,10,0,0,0,0
merge_greedy,8,2,4,10,10,10.0,7,13,1.7320508075688772,0.011346657,0.00990244,0.012920415,0.001044146614389665,,,,,,,,
greedy,8,2,4,10,10,7.9,7,8,0.3,0.0009427982999999999,0.000838802,0.001186983,0.00010268189720885563,,,,,,,,
stochastic_greedy,8,2,4,10,10,8.0,7,9,0.4472135954999579,0.0010890277,0.000828372,0.001635443,0.0002512211092090193,,,,,,,,
genetic_greedy,8,2,4,10,10,7.2,7,8,0.39999999999999997,0.1941111788,0.110540436,0.388484421,0.10562821043481452,12602.3,0.08177356343065426,2680.4,,,,,
genetic_stochastic,8,2,4,10,10,7.0,7,7,0.0,0.2244592936,0.125164802,0.388260073,0.08134842208356793,12616.4,0.138075277200012,4374.1,,,,,
beam_search,8,2,4,10,10,7.2,7,8,0.39999999999999997,0.0383272496,0.035911055,0.040740569,0.001457791493445355,,,,,,,,
cplex,8,4,6,10,10,14.4,14,15,0.4898979485566356,302.3166224482,301.186169656,305.908912059,1.455864241518908,,,,0,10,0,0,0
merge_greedy,8,4,6,10,10,19.5,15,25,3.170173496829472,0.09932102379999999,0.073040113,0.120619592,0.015837841518323133,,,,,,,,
greedy,8,4,6,10,10,16.0,15,18,1.0,0.0021884546,0.001913598,0.002575434,0.0002155046107043652,,,,,,,,
stochastic_greedy,8,4,6,10,10,16.2,15,17,0.7483314773547883,0.0020781822999999997,0.001690492,0.002608443,0.0002783927198574165,,,,,,,,
genetic_greedy,8,4,6,10,10,14.9,14,15,0.3,1.0991855873,0.356176422,2.748963046,0.7071735656862688,12625.2,0.06112671137379809,1700.4,,,,,
genetic_stochastic,8,4,6,10,10,14.7,14,15,0.45825756949558405,1.9618658335999999,0.952966825,4.582852411,1.0536412874889827,12611.6,0.0692936683992345,2919.1,,,,,
beam_search,8,4,6,10,10,15.2,15,16,0.4,0.17602464010000002,0.172568911,0.183998958,0.0033329805672337,,,,,,,,
cplex,10,2,4,10,10,7.4,7,8,0.4898979485566356,38.092138391999995,5.085029696,94.218108557,32.940166468718175,,,,10,0,0,0,0
merge_greedy,10,2,4,10,10,11.0,8,15,1.8439088914585775,0.0226392441,0.01619203,0.031108618,0.004185367330841451,,,,,,,,
greedy,10,2,4,10,10,8.7,8,9,0.45825756949558405,0.0011873012,0.001006109,0.001317467,8.628795032077189e-05,,,,,,,,
stochastic_greedy,10,2,4,10,10,8.8,8,10,0.6,0.0010832867,0.000958749,0.001374947,0.00012733642656526057,,,,,,,,
genetic_greedy,10,2,4,10,10,7.7,7,8,0.45825756949558405,0.2478054779,0.115214043,0.392757386,0.10427849685486651,12603.6,0.08363449602312996,3184.6,,,,,
genetic_stochastic,10,2,4,10,10,7.5,7,8,0.5,0.3395117452,0.127391683,0.93945262,0.23980111656881603,12610.5,0.17740450626166088,6344.9,,,,,
beam_search,10,2,4,10,10,7.8,7,8,0.39999999999999997,0.0755983474,0.071674074,0.078731488,0.001993985268256123,,,,,,,,
cplex,10,4,6,9,9,16.666666666666668,16,18,0.6666666666666666,303.3265340073333,302.510828597,306.616550656,1.1834376463524212,,,,0,9,0,0,0
merge_greedy,10,4,6,10,10,24.5,20,31,3.1064449134018135,0.24894598329999998,0.19593617,0.353612708,0.05050732695258435,,,,,,,,
greedy,10,4,6,10,10,17.4,16,18,0.66332495807108,0.0023663175000000003,0.001916178,0.002810009,0.00024789762074422985,,,,,,,,
stochastic_greedy,10,4,6,10,10,18.0,17,19,0.7745966692414834,0.002195495,0.001963382,0.002536936,0.00015983211029827515,,,,,,,,
genetic_greedy,10,4,6,10,10,16.5,16,17,0.5,1.6369133218999998,0.863695363,2.559136475,0.4636372186501713,12602.1,0.03485716557349015,1927.3,,,,,
genetic_stochastic,10,4,6,10,10,16.1,16,17,0.3,3.6262334929,1.751926438,11.054377976,2.665216934955002,12578.3,0.09020082366047384,4422.2,,,,,
beam_search,10,4,6,10,10,16.6,16,17,0.4898979485566356,0.3761822024,0.363507904,0.406420231,0.011814388941904152,,,,,,,,
